Product Name,Review
"Apple iPhone 14 (128GB, Blue)",Could be better
"Apple iPhone 14 (128GB, Blue)",Good
"Apple iPhone 14 (128GB, Blue)",Nice price and good service
"Apple iPhone 14 (128GB, Blue)",Good 5
"Apple iPhone 14 (128GB, Blue)",Great product and service.
"Apple iPhone 14 (128GB, Blue)",So far good
"Apple iPhone 14 (128GB, Blue)",Great product
"Apple iPhone 14 (128GB, Blue)",Great
"Apple iPhone 14 (128GB, Blue)",It was good
"Apple iPhone 14 (128GB, Blue)",Its great and thanks to the customer care guy Mr Seikh who helped us thoroughly to choose the right product. Thumbs up to team Croma
"Apple iPhone 14 (128GB, Blue)",Nice experience
"Apple iPhone 14 (128GB, Blue)",Very nice
"Apple iPhone 14 (128GB, Blue)",Very good
"Apple iPhone 14 (128GB, Blue)",Phone heats up while charging
"Apple iPhone 14 (128GB, Blue)",Great experience
"Apple iPhone 14 (128GB, Blue)",Wonderful
"Apple iPhone 14 (128GB, Blue)",Its a good product
"Apple iPhone 14 (128GB, Blue)",Satisfied
"Apple iPhone 14 (128GB, Blue)",Nice shopping experience. Got the best price.
"Apple iPhone 14 (128GB, Blue)",It was great.
"Apple iPhone 14 (128GB, Blue)",Excellent
"Apple iPhone 14 (128GB, Blue)",Good experience
"Apple iPhone 14 (128GB, Blue)",Good dealing
"Apple iPhone 14 (128GB, Blue)",Good for me
"Apple iPhone 14 (128GB, Blue)",Very good performance
"Apple iPhone 14 (128GB, Blue)",Good experience to purchase
"Apple iPhone 14 (128GB, Blue)",Great Product
"Apple iPhone 14 (128GB, Blue)",Ok good
"Apple iPhone 14 (128GB, Blue)",Got the best deal
"Apple iPhone 14 (128GB, Blue)",Its a very good product.
"Apple iPhone 14 (128GB, Starlight)",Thank you to Mr. Amit for helping and giving a good deal
"Apple iPhone 14 (128GB, Starlight)",Great
"Apple iPhone 14 (128GB, Starlight)",All good
"Apple iPhone 14 (128GB, Starlight)",Very good
"Apple iPhone 14 (128GB, Starlight)",Not good
"Apple iPhone 14 (128GB, Starlight)",Good experience great deal
"Apple iPhone 14 (128GB, Starlight)",good to use
"Apple iPhone 14 (128GB, Starlight)",Product was amazing
"Apple iPhone 14 (128GB, Starlight)",Best service. I am Happy
"Apple iPhone 14 (128GB, Starlight)",Very good product
"Apple iPhone 14 (128GB, Starlight)",Excellent
"Apple iPhone 14 (128GB, Starlight)",Good experience
"Apple iPhone 14 (128GB, Starlight)",Buying experience was good
"Apple iPhone 14 (128GB, Starlight)",Amazing experience
"Apple iPhone 14 (128GB, Starlight)",Excellent product
"Apple iPhone 14 (128GB, Starlight)",Great deal
"Apple iPhone 14 (128GB, Starlight)",Nice work
"Apple iPhone 14 (128GB, Starlight)",Good product and very good service by Sagar Agrawal
"Apple iPhone 14 (128GB, Starlight)",Its a very good product and Croma is nice place to purchase electronics and very supportive staff.
"Apple iPhone 14 (128GB, Starlight)",It's very bad
"Apple iPhone 14 (128GB, Starlight)",Superb
"Apple iPhone 14 (128GB, Starlight)",Nice
"Apple iPhone 14 (128GB, Starlight)",Nice product
"Apple iPhone 14 (128GB, Starlight)",Good all
"Apple iPhone 14 (128GB, Starlight)",Nice product and best service
"Apple iPhone 14 (128GB, Starlight)",The product is so good
"Apple iPhone 14 (128GB, Starlight)",Great it was
"Apple iPhone 14 (128GB, Starlight)",Very good job
"Apple iPhone 14 (128GB, Starlight)",Very Good
"Apple iPhone 14 (128GB, Starlight)",Love it!
"Apple iPhone 14 (128GB, Purple)",The product is excellent
"Apple iPhone 14 (128GB, Purple)",Its too good phone
"Apple iPhone 14 (128GB, Purple)",The product is good and the service was good too.
"Apple iPhone 14 (128GB, Purple)",Product is very good. We were assisted by Nithya in Croma Mogapair west ( Wavin) branch. She was very sweet and answered all of our questions.
"Apple iPhone 14 (128GB, Purple)",Super
"Apple iPhone 14 (128GB, Purple)",Product is awesome
"Apple iPhone 14 (128GB, Purple)",amazing phone
"Apple iPhone 14 (128GB, Purple)",Its good
"Apple iPhone 14 (128GB, Purple)",Good response
"Apple iPhone 14 (128GB, Purple)",Fantastic
"Apple iPhone 14 (128GB, Purple)",Very good
"Apple iPhone 14 (128GB, Purple)",Very nice
"Apple iPhone 14 (128GB, Purple)",Amazing and Nice experience.
"Apple iPhone 14 (128GB, Purple)",Best product
"Apple iPhone 14 (128GB, Purple)",Amazing
"Apple iPhone 14 (128GB, Purple)",Good product as expected.
"Apple iPhone 14 (128GB, Purple)",Very affordable price lots of variety. Thanks to SUKHEN HALDER for giving me very well guidance to purchase right smartphone according to my needs.
"Apple iPhone 14 (128GB, Purple)",Switched from android to iphone and I am loving it. Trying to adapt to this phone but yeah always a bettter choice than other phones.
"Apple iPhone 14 (128GB, Purple)","This device has an Alluminium body and low refresh rate. Its a compromise on body, camera and display."
"Apple iPhone 14 (128GB, Purple)",Excellent
"Apple iPhone 14 (128GB, Purple)",Very good product
"Apple iPhone 14 (128GB, Purple)",Awesome product
"Apple iPhone 14 (128GB, Purple)",Nice performance
"Apple iPhone 14 (128GB, Purple)",Excellent product
"Apple iPhone 14 (128GB, Purple)",Amazing experience
"Apple iPhone 14 (128GB, Purple)",Too good experience
"Apple iPhone 14 (128GB, Purple)",IPhone 14's camera and battery life is good and other features is also best. And purchase experience in Croma for customer and behaviour very good and helpful.
"Apple iPhone 14 (128GB, Purple)",Awesome
"Apple iPhone 14 (128GB, Purple)",Good Okay
"Apple iPhone 14 (128GB, Purple)",Excellent keep it up
"Apple iPhone 14 (128GB, Midnight)",Apple product are always nice
"Apple iPhone 14 (128GB, Midnight)",Product is ok
"Apple iPhone 14 (128GB, Midnight)",All in all everything is best.
"Apple iPhone 14 (128GB, Midnight)",Bad experience
"Apple iPhone 14 (128GB, Midnight)",Product is working good
"Apple iPhone 14 (128GB, Midnight)",Its an apple product so basically it is very good since I have been using Apple products for more than 10 years
"Apple iPhone 14 (128GB, Midnight)",Nice.
"Apple iPhone 14 (128GB, Midnight)",Very good
"Apple iPhone 14 (128GB, Midnight)",Very nice
"Apple iPhone 14 (128GB, Midnight)",Good one
"Apple iPhone 14 (128GB, Midnight)",Nice experience
"Apple iPhone 14 (128GB, Midnight)",The product is a flagship one without any doubt.
"Apple iPhone 14 (128GB, Midnight)",Great phone
"Apple iPhone 14 (128GB, Midnight)",It was an amazing experience
"Apple iPhone 14 (128GB, Midnight)",It was really a great experience. Thanks
"Apple iPhone 14 (128GB, Midnight)",Its wonderful to have this product with excellent new features
"Apple iPhone 14 (128GB, Midnight)",Excellent
"Apple iPhone 14 (128GB, Midnight)","My last product from Apple was iPhone 5 and it was an awesome phone till the time Apple was releasing product updates for it. I'm glad I made the switch back to Apple. iPhone 14 is a great phone, doesn't lag, is fluid and interface is awesome. Buying experience was great as well."
"Apple iPhone 14 (128GB, Midnight)",Good experience
"Apple iPhone 14 (128GB, Midnight)","Screen, Camera ease of use"
"Apple iPhone 14 (128GB, Midnight)",Not bad
"Apple iPhone 14 (128GB, Midnight)",Best product at best price
"Apple iPhone 14 (128GB, Midnight)",Good and helpful
"Apple iPhone 14 (128GB, Midnight)",Excellent image processing!! Lightweight!!
"Apple iPhone 14 (128GB, Midnight)",Awesome experience
"Apple iPhone 14 (128GB, Midnight)",Very good experience
"Apple iPhone 14 (128GB, Midnight)",Pathetic Experience
"Apple iPhone 14 (128GB, Midnight)",New experience
"Apple iPhone 14 (128GB, Midnight)",Good product
"Apple iPhone 14 (128GB, Midnight)","Screen, Camera ease of use "
"Apple iPhone 14 (256GB, Blue)",Nice good
"Apple iPhone 14 (256GB, Blue)",Nice experience and good approch
"Apple iPhone 14 (256GB, Blue)",Very good product
"Apple iPhone 14 (256GB, Blue)",Excellent
"Apple iPhone 14 (256GB, Blue)",Good experience
"Apple iPhone 14 (256GB, Blue)",Nice experience
"Apple iPhone 14 (256GB, Blue)",Very nice
"Apple iPhone 14 (256GB, Blue)",Very good
"Apple iPhone 14 (256GB, Blue)",Awesome
"Apple iPhone 14 (256GB, Blue)",It was great experience. Will look forward to shop something soon
"Apple iPhone 14 (256GB, Blue)",very good
"Apple iPhone 14 (256GB, Blue)",It's ok
"Apple iPhone 14 (256GB, Blue)",Good pricing
"Apple iPhone 14 (256GB, Blue)",Product is very good
"Apple iPhone 14 (256GB, Blue)",Very Good
"Apple iPhone 14 (256GB, Blue)",Actually good product quality
"Apple iPhone 14 (128GB, Red)",I love the product it is good
"Apple iPhone 14 (128GB, Red)",Good ambience. Product is good. Staffs are good. Satisfied with the product
"Apple iPhone 14 (128GB, Red)",Feeling happy
"Apple iPhone 14 (128GB, Red)","Nice service, customer friendly & worth buying, vocal for local"
"Apple iPhone 14 (128GB, Red)",Good price and great service
"Apple iPhone 14 (128GB, Red)",First iPhone! Great camera for low lights. Feels just premium. Go for it guyz.
"Apple iPhone 14 (128GB, Red)",Not happy with product
"Apple iPhone 14 (128GB, Red)",Good very good
"Apple iPhone 14 (128GB, Red)",Product is good
"Apple iPhone 14 (128GB, Red)",It was a great experience
"Apple iPhone 14 (128GB, Red)",Nice product and staff is also good and co-operative
"Apple iPhone 14 (128GB, Red)",Excellent
"Apple iPhone 14 (128GB, Red)",Good dealing
"Apple iPhone 14 (128GB, Red)",Product is super awesome and specially the staff is excellent
"Apple iPhone 14 (128GB, Red)",My first iPhone and I am totally satisfied. The camera is awesome and overall experience is great.
"Apple iPhone 14 (128GB, Red)",Nice one
"Apple iPhone 14 (128GB, Red)",Nice
"Apple iPhone 14 (128GB, Red)",Nice product
"Apple iPhone 14 (128GB, Red)",Ultimate
"Apple iPhone 14 (256GB, Red)",Very good
"Apple iPhone 14 (256GB, Red)",Super
"Apple iPhone 14 (256GB, Red)",Wonderful phone.
"Apple iPhone 14 (256GB, Red)",Excellent
"Apple iPhone 14 (256GB, Purple)",Excellent
"Apple iPhone 14 (256GB, Purple)",Satisfactory purchase.
"Apple iPhone 14 (256GB, Purple)",Good product and feeling good
"Apple iPhone 14 (256GB, Purple)",Awesome
"Apple iPhone 14 (256GB, Purple)",Very good
"Apple iPhone 14 (256GB, Purple)",Overall experience was good. But data transfer from old phone to new phone took lots of time.
"Apple iPhone 14 (256GB, Purple)",I like the Apple mobile and had a great day.
"Apple iPhone 14 (256GB, Purple)",Super
"Apple iPhone 14 (256GB, Purple)",Good quality and great experience
"Apple iPhone 14 (256GB, Purple)",Satisfied
"Apple iPhone 14 (256GB, Starlight)",Not a good experience
"Apple iPhone 14 (256GB, Starlight)",Nice product
"Apple iPhone 14 (256GB, Starlight)",Excellent
"Apple iPhone 14 (256GB, Starlight)",Product is good & satisfactory as my choice. Croma shopping experience is superb
"Apple iPhone 14 (256GB, Starlight)",Very nice
"Apple iPhone 14 (256GB, Starlight)",Nice product and good staff
"Apple iPhone 14 (256GB, Starlight)",Always got the nice product with good discounts
"Apple iPhone 14 (256GB, Starlight)",Experience is very nice
"Apple iPhone 14 (256GB, Starlight)",It was really a nice experience to buy my new iPhone 14. Mr John from Crompet Croma helped to get the stock at ease. Thanks Croma
"Apple iPhone 14 (256GB, Midnight)",Excellent phone
"Apple iPhone 14 (256GB, Midnight)",Very good
"Apple iPhone 14 (256GB, Midnight)","First of all thanks to Tata groups. Good store atmosphere and productive salesman, recently I bought apple iphone 14, product is great and good quality and same good consumer service from Croma (mount road branch )"
"Apple iPhone 14 (256GB, Midnight)",Over all good
"Apple iPhone 14 (256GB, Midnight)",Excellent
"Apple iPhone 14 (256GB, Midnight)",Good Experience
"Apple iPhone 14 (256GB, Midnight)",Good experience
"Apple iPhone 14 (256GB, Midnight)",It was good experience product is also good
"Apple iPhone 14 (256GB, Midnight)",Experience was so good
"Apple iPhone 14 (256GB, Midnight)",Loved the product. Staff was quite friendly. And colour availability was my main interest. Which was fulfilled. Thank you so much
"Apple iPhone 14 (256GB, Midnight)",Wonderful product. I hit great discounts at Croma. The sales staff was very efficient and polite. He helped us in all possible ways. It was seamless and wonderful experience
"Apple iPhone 14 (256GB, Midnight)","I am very happy with the product, and the sales person Pooja ji was ver humble and kind! The purchase was made easier because of her"
"Apple iPhone 14 (256GB, Midnight)",Yeah my mom really loved the iPhone. Thank you
"Apple iPhone 14 (256GB, Midnight)",Awesome
"Apple iPhone 14 (256GB, Midnight)",Good job
"Apple iPhone 14 (256GB, Midnight)",Product is good very much satisfied
"Apple iPhone 14 (256GB, Midnight)",Product is very well designed to ease your business.
"Apple iPhone 14 (256GB, Midnight)",REALLY WONDERFUL PIECE.
"Apple iPhone 14 (256GB, Midnight)",Good product
"Apple iPhone 14 Pro (128GB, Deep Purple)",Extremely satisfied with the price I got thanks for it
"Apple iPhone 14 Pro (128GB, Deep Purple)",Good
"Apple iPhone 14 Pro (128GB, Deep Purple)",very good
"Apple iPhone 14 Pro (128GB, Deep Purple)",It was great experience purchasing this phone from Croma
"Apple iPhone 14 Pro (128GB, Deep Purple)",Phone is nice! especially would like to thank Ravi very polite guy who helped me with each step from choosing to installing new phone with backup. Thank you so much for all the help.
"Apple iPhone 14 Pro (128GB, Deep Purple)",Excellent phone
"Apple iPhone 14 Pro (128GB, Deep Purple)",Great product
"Apple iPhone 14 Pro (128GB, Deep Purple)",Its good
"Apple iPhone 14 Pro (128GB, Deep Purple)","Larger, sharper display thats easier to read, better performance and perhaps for the first time, a battery you can lean on for a full day before needing a recharge"
"Apple iPhone 14 Pro (128GB, Deep Purple)",Good product no trouble
"Apple iPhone 14 Pro (128GB, Deep Purple)",Nice ��
"Apple iPhone 14 Pro (128GB, Deep Purple)",I like the service of Croma and product is awesome
"Apple iPhone 14 Pro (128GB, Deep Purple)",Product was nice and mostly is handy as well as upgraded features.
"Apple iPhone 14 Pro (128GB, Deep Purple)",Feeling Awesome
"Apple iPhone 14 Pro (128GB, Deep Purple)",Good product
"Apple iPhone 14 Pro (128GB, Deep Purple)",Best quality
"Apple iPhone 14 Pro (128GB, Deep Purple)",Good.
"Apple iPhone 14 Pro (128GB, Deep Purple)",Very good product
"Apple iPhone 14 Pro (128GB, Deep Purple)",Excellent
"Apple iPhone 14 Pro (128GB, Deep Purple)",Good for all
"Apple iPhone 14 Pro (128GB, Deep Purple)",Good experience
"Apple iPhone 14 Pro (128GB, Deep Purple)",It was ok.
"Apple iPhone 14 Pro (128GB, Deep Purple)",Authentic product.
"Apple iPhone 14 Pro (128GB, Deep Purple)",I am very happy to purchase
"Apple iPhone 14 Pro (128GB, Deep Purple)",Excellent!
"Apple iPhone 14 Pro (128GB, Deep Purple)",Phone gets heated while running sometime
"Apple iPhone 14 Pro (128GB, Deep Purple)",Awesome
"Apple iPhone 14 Pro (128GB, Deep Purple)",Very good experience
"Apple iPhone 14 Pro (128GB, Deep Purple)",It is quite good.
"Apple iPhone 14 Pro (128GB, Deep Purple)",It's a great experience
"Apple iPhone 14 Pro Max (256GB, Deep Purple)",Amazing staff and great product
"Apple iPhone 14 Pro Max (256GB, Deep Purple)",Simply enjoyed the shopping and now enjoying the product. Great deals and great experience.
"Apple iPhone 14 Pro Max (256GB, Deep Purple)",Good product and genuine products are available at Croma store
"Apple iPhone 14 Pro Max (256GB, Deep Purple)",Very fabulous product
"Apple iPhone 14 Pro Max (256GB, Deep Purple)",Very happy to get one of my dream product with genuinity and with warm welcome. Really had a good customer satisfaction.
"Apple iPhone 14 Pro Max (256GB, Deep Purple)",Gets too hot when I use it and charge drains too fast
"Apple iPhone 14 Pro Max (256GB, Deep Purple)",Best phone in the market
"Apple iPhone 14 Pro Max (256GB, Deep Purple)",Great
"Apple iPhone 14 Pro Max (256GB, Deep Purple)",The best
"Apple iPhone 14 Pro Max (256GB, Deep Purple)",Very good
"Apple iPhone 14 Pro Max (256GB, Deep Purple)",Very nice
"Apple iPhone 14 Pro Max (256GB, Deep Purple)",The product is very nice. Loved it.
"Apple iPhone 14 Pro Max (256GB, Deep Purple)",Wonderful
"Apple iPhone 14 Pro Max (256GB, Deep Purple)",Very good 10
"Apple iPhone 14 Pro Max (256GB, Deep Purple)",Best iPhone ever
"Apple iPhone 14 Pro Max (256GB, Deep Purple)",Awesome experience and best deal
"Apple iPhone 14 Pro Max (256GB, Deep Purple)",Iphone 14 pro max is the best mobile in the market
"Apple iPhone 14 Pro Max (256GB, Deep Purple)",Excellent
"Apple iPhone 14 Pro Max (256GB, Deep Purple)",It was very nice experience
"Apple iPhone 14 Pro Max (256GB, Deep Purple)",Excellent product
"Apple iPhone 14 Pro Max (256GB, Deep Purple)",Apple product is always a good product. Croma sales persons were good
"Apple iPhone 14 Pro Max (256GB, Deep Purple)",Nice one hoping for more good products
"Apple iPhone 14 Pro Max (256GB, Deep Purple)",Good exercise
"Apple iPhone 14 Pro Max (256GB, Deep Purple)",Nice
"Apple iPhone 14 Pro Max (256GB, Deep Purple)",Awesome!
"Apple iPhone 14 Pro Max (256GB, Deep Purple)",GOOD EXPERIENCE
"Apple iPhone 14 Pro Max (256GB, Deep Purple)",Nice service and product
"Apple iPhone 14 Pro Max (256GB, Deep Purple)","iPhone 14 pro max is just amazing. Great camera, runs smooth and got great features."
"Apple iPhone 14 Pro Max (256GB, Deep Purple)",Awesome service and nice product
"Apple iPhone 14 Pro Max (256GB, Deep Purple)",Very Good
"Apple iPhone 14 Plus (128GB, Blue)",Great experience and deal
"Apple iPhone 14 Plus (128GB, Blue)",Bad bad
"Apple iPhone 14 Plus (128GB, Blue)",Great product from apple. Fits my need perfectly.
"Apple iPhone 14 Plus (128GB, Blue)",Happy
"Apple iPhone 14 Plus (128GB, Blue)",Great
"Apple iPhone 14 Plus (128GB, Blue)",It was good
"Apple iPhone 14 Plus (128GB, Blue)",Best shopping experience.
"Apple iPhone 14 Plus (128GB, Blue)",Product was awesome
"Apple iPhone 14 Plus (128GB, Blue)",Very nice
"Apple iPhone 14 Plus (128GB, Blue)",Very good
"Apple iPhone 14 Plus (128GB, Blue)",First time buy Apple product and highly satisfied with it
"Apple iPhone 14 Plus (128GB, Blue)",Very nice.
"Apple iPhone 14 Plus (128GB, Blue)",Really good phone. Excellent camera and audio quality. Battery back is really good compared to other iphones.
"Apple iPhone 14 Plus (128GB, Blue)",Excellent experience so far
"Apple iPhone 14 Plus (128GB, Blue)",It is really good
"Apple iPhone 14 Plus (128GB, Blue)",Nice valuable product
"Apple iPhone 14 Plus (128GB, Blue)",So nice
"Apple iPhone 14 Plus (128GB, Blue)",Very good product
"Apple iPhone 14 Plus (128GB, Blue)",Excellent
"Apple iPhone 14 Plus (128GB, Blue)",Good excellent 10
"Apple iPhone 14 Plus (128GB, Blue)",Product is too good and good customer service
"Apple iPhone 14 Plus (128GB, Blue)",Product is good and easy to. Operate battery is up to three days.
"Apple iPhone 14 Plus (128GB, Blue)",Lot of features are missing. Not a worth buying.
"Apple iPhone 14 Plus (128GB, Blue)",Nice product
"Apple iPhone 14 Plus (128GB, Blue)",Good job
"Apple iPhone 14 Plus (128GB, Blue)",Very nice and reasonable rate
"Apple iPhone 14 Plus (128GB, Blue)",Nice product an good features iphone its awesome I loved it
"Apple iPhone 14 Plus (128GB, Blue)",Wonderful experience
"Apple iPhone 14 Plus (128GB, Blue)",Good product
"Apple iPhone 14 Plus (128GB, Blue)",Great. Supportive staff and excellent product
"Apple iPhone 14 Pro Max (128GB, Deep Purple)",It's very good
"Apple iPhone 14 Pro Max (128GB, Deep Purple)",Good
"Apple iPhone 14 Pro Max (128GB, Deep Purple)",It's a wonderful product. And Easy to buy especially @ Croma
"Apple iPhone 14 Pro Max (128GB, Deep Purple)",Best experience
"Apple iPhone 14 Pro Max (128GB, Deep Purple)",I had very good experience
"Apple iPhone 14 Pro Max (128GB, Deep Purple)",It was great
"Apple iPhone 14 Pro Max (128GB, Deep Purple)",Extremely good
"Apple iPhone 14 Pro Max (128GB, Deep Purple)",Excellent phone
"Apple iPhone 14 Pro Max (128GB, Deep Purple)","Love the product. If it wasn't with the hard work from the executive Pinki Kathar in Phoenix Market City store, I wouldn't have got it. She made it easy and comfortable to make the purchase. Thank you Croma."
"Apple iPhone 14 Pro Max (128GB, Deep Purple)",Product working very nicely my all work goes smoothly by using this phone thank you
"Apple iPhone 14 Pro Max (128GB, Deep Purple)",It was good
"Apple iPhone 14 Pro Max (128GB, Deep Purple)",Very good
"Apple iPhone 14 Pro Max (128GB, Deep Purple)",Very nice
"Apple iPhone 14 Pro Max (128GB, Deep Purple)",It was a good experience
"Apple iPhone 14 Pro Max (128GB, Deep Purple)",It was a good experience buying an iphone from Croma.
"Apple iPhone 14 Pro Max (128GB, Deep Purple)",Very much satisfied
"Apple iPhone 14 Pro Max (128GB, Deep Purple)",Good Super
"Apple iPhone 14 Pro Max (128GB, Deep Purple)",Fantastic product. No regrets
"Apple iPhone 14 Pro Max (128GB, Deep Purple)",Yeh bahut accha hai iphone 14pro max maja aa gaya (Its a very nice phone iPhone 14 pro Max. Loved it)
"Apple iPhone 14 Pro Max (128GB, Deep Purple)",Excellent
"Apple iPhone 14 Pro Max (128GB, Deep Purple)",Very much satisfying
"Apple iPhone 14 Pro Max (128GB, Deep Purple)",Good experience
"Apple iPhone 14 Pro Max (128GB, Deep Purple)",Awesome product
"Apple iPhone 14 Pro Max (128GB, Deep Purple)",Excellent product
"Apple iPhone 14 Pro Max (128GB, Deep Purple)",Too good experience
"Apple iPhone 14 Pro Max (128GB, Deep Purple)",It's good
"Apple iPhone 14 Pro Max (128GB, Deep Purple)",Best product and amazing speed and battery durability
"Apple iPhone 14 Pro Max (128GB, Deep Purple)",Very good experience buying iPhone 14 Pro Max from Croma. Competitive rates & good technical support.
"Apple iPhone 14 Pro Max (128GB, Deep Purple)",No doubt the product I bought is amazing and that salesmen was too good to give services so much appreciated and overall best experience I had with you guys! Thanks for making my day and others too :)
"Apple iPhone 14 Pro Max (128GB, Deep Purple)",Very good experience
"Apple iPhone 14 Pro (128GB, Space Black)","Amazing phone, quality"
"Apple iPhone 14 Pro (128GB, Space Black)",Excellent
"Apple iPhone 14 Pro (128GB, Space Black)",Very good
"Apple iPhone 14 Pro (128GB, Space Black)",Had a great shopping experience
"Apple iPhone 14 Pro (128GB, Space Black)",Excellent.
"Apple iPhone 14 Pro (128GB, Space Black)",Good thank you.
"Apple iPhone 14 Pro (128GB, Space Black)",Less battery backup
"Apple iPhone 14 Pro (128GB, Space Black)",Super
"Apple iPhone 14 Pro (128GB, Space Black)",Satisfied
"Apple iPhone 14 Pro (128GB, Space Black)",Nice good fantastic. All good and super
"Apple iPhone 14 Pro (128GB, Silver)",Very good
"Apple iPhone 14 Pro (128GB, Silver)",Great overall excellent experience with ordering and delivery. Product was delivered earlier than promised. Amazing product from Apple as expected.
"Apple iPhone 14 Pro (128GB, Silver)",Experience was good
"Apple iPhone 14 Pro (128GB, Silver)",Good phone
"Apple iPhone 14 Pro (128GB, Silver)",iPhone is iPhone
"Apple iPhone 14 Pro (128GB, Silver)","Awesome product, this time camera is really good, picture clarity is superb and cinematic mode of video records is ice on the cake. Notch has also reduced which looks good"
"Apple iPhone 14 Pro (256GB, Deep Purple)","iPhone 14pro is good, checked Geekbench and found my purchased one is showing good numbers. Camera takes some time getting used to from iPhone 12, as there are several zoom options. Overall phone is heavier than before, brighter. Always on is helpful and the dynamic Island is probably helpful when on call"
"Apple iPhone 14 Pro (256GB, Deep Purple)",Good product.
"Apple iPhone 14 Pro (256GB, Deep Purple)",Its a great phone
"Apple iPhone 14 Pro (256GB, Deep Purple)",Just average
"Apple iPhone 14 Pro (256GB, Deep Purple)",I had a really great experience
"Apple iPhone 14 Pro (256GB, Deep Purple)",Great
"Apple iPhone 14 Pro (256GB, Deep Purple)",Very good
"Apple iPhone 14 Pro (256GB, Deep Purple)",Great experience
"Apple iPhone 14 Pro (256GB, Deep Purple)",Price very competitive
"Apple iPhone 14 Pro (256GB, Deep Purple)",Best product
"Apple iPhone 14 Pro (256GB, Deep Purple)",Good product
"Apple iPhone 14 Pro (256GB, Deep Purple)",Amazing
"Apple iPhone 14 Pro (256GB, Deep Purple)",Good product with good service
"Apple iPhone 14 Pro (256GB, Deep Purple)",I'm loving my phone. One of the best decision I've made recently.
"Apple iPhone 14 Pro (256GB, Deep Purple)",Excellent
"Apple iPhone 14 Pro (256GB, Deep Purple)",Good Mobile & Very Aggressive Price
"Apple iPhone 14 Pro (256GB, Deep Purple)",Superb
"Apple iPhone 14 Pro (256GB, Deep Purple)",I like it
"Apple iPhone 14 Pro (256GB, Deep Purple)",Nice product
"Apple iPhone 14 Pro (256GB, Deep Purple)",Fabulous
"Apple iPhone 14 Pro (256GB, Deep Purple)",Good and delightful experience
"Apple iPhone 14 Pro (256GB, Deep Purple)",The product is awesome
"Apple iPhone 14 Pro (256GB, Deep Purple)",Product is nice
"Apple iPhone 14 Pro (256GB, Deep Purple)",Awesome
"Apple iPhone 14 Pro (256GB, Deep Purple)",Loving it
"Apple iPhone 14 Pro (256GB, Deep Purple)",Happy with the product and offer given by Croma
"Apple iPhone 14 Pro (256GB, Deep Purple)",Good nice
"Apple iPhone 14 Pro (256GB, Deep Purple)",Very Good
"Apple iPhone 14 Pro (256GB, Deep Purple)",Very bad experience
"Apple iPhone 14 Pro (256GB, Deep Purple)",Product is heating too much
"Apple iPhone 14 Pro (128GB, Gold)",Good experience
"Apple iPhone 14 Pro (128GB, Gold)",Very good
"Apple iPhone 14 Pro (128GB, Gold)",Nice experience
"Apple iPhone 14 Pro (128GB, Gold)",Very nice
"Apple iPhone 14 Pro (128GB, Gold)",Awesome product
"Apple iPhone 14 Pro (128GB, Gold)",Its very bad
"Apple iPhone 14 Pro (128GB, Gold)",Nice Experience
"Apple iPhone 14 Pro (128GB, Gold)",Product is working perfect.
"Apple iPhone 14 Pro (128GB, Gold)",Good product
"Apple iPhone 14 Pro (256GB, Space Black)",Good
"Apple iPhone 14 Pro (256GB, Space Black)",Good!
"Apple iPhone 14 Pro (256GB, Space Black)",It’s a great product. Service at the store was good. Rupak Samaresh and Suvendu helped a lot.
"Apple iPhone 14 Pro (256GB, Space Black)",FANTASTIC
"Apple iPhone 14 Pro (256GB, Space Black)",Amazing product! Apple never disappoints
"Apple iPhone 14 Pro (256GB, Space Black)",It's a good
"Apple iPhone 14 Pro (256GB, Space Black)",Awesome and cool
"Apple iPhone 14 Pro (256GB, Space Black)","Everything is fine in phone , I Trust on TATA."
"Apple iPhone 14 Pro (256GB, Space Black)",Super gift
"Apple iPhone 14 Pro (256GB, Space Black)",Its just awesome
"Apple iPhone 14 Pro (256GB, Space Black)",It's a great phone
"Apple iPhone 14 Pro (256GB, Space Black)","Overall experience was good. And to talk about the product, its my favourite one and I love using it."
"Apple iPhone 14 Pro (256GB, Space Black)",Good experience.
"Apple iPhone 14 Pro (256GB, Space Black)",Amazing
"Apple iPhone 14 Pro (256GB, Space Black)",Excellent
"Apple iPhone 14 Pro (256GB, Space Black)",Good experience
"Apple iPhone 14 Pro (256GB, Space Black)",Loved it
"Apple iPhone 14 Pro (256GB, Space Black)",Very satisfied
"Apple iPhone 14 Pro (256GB, Space Black)",Great Product
"Apple iPhone 14 Pro (256GB, Space Black)",Good and nice
"Apple iPhone 14 Pro Max (128GB, Space Black)",Excellent
"Apple iPhone 14 Pro Max (128GB, Space Black)",Great
"Apple iPhone 14 Pro Max (128GB, Space Black)",Good experience
"Apple iPhone 14 Pro Max (128GB, Space Black)",All good
"Apple iPhone 14 Pro Max (128GB, Space Black)",Camera quality not good
"Apple iPhone 14 Pro Max (128GB, Space Black)",Amazing camera experience
"Apple iPhone 14 Pro Max (128GB, Space Black)",Execellent
"Apple iPhone 14 Pro Max (128GB, Space Black)",Great Experience
"Apple iPhone 14 Pro Max (128GB, Space Black)",Nice and cool
"Apple iPhone 14 Pro Max (256GB, Space Black)",It is awesome
"Apple iPhone 14 Pro Max (256GB, Space Black)",Excellent
"Apple iPhone 14 Pro Max (256GB, Space Black)",Excellent product.
"Apple iPhone 14 Pro Max (256GB, Space Black)",Product is good
"Apple iPhone 14 Pro Max (256GB, Space Black)","Product is yet to explore by me. Still on it. Though the colour I wanted was not there (Deep Purple). But the overall product is good externally, internal I need time to test it."
"Apple iPhone 14 Pro Max (256GB, Space Black)",Awesome
"Apple iPhone 14 Pro Max (256GB, Space Black)",Very nice
"Apple iPhone 14 Pro Max (256GB, Space Black)",Very good
"Apple iPhone 14 Pro Max (256GB, Space Black)",Awesome product
"Apple iPhone 14 Pro Max (256GB, Space Black)",Product is very nice & staff behaviour is very good. I specially thank to Kamalesh of Acropolis Mall
"Apple iPhone 14 Pro Max (256GB, Space Black)","Nice and helping me a lot, excellent Mobile"
"Apple iPhone 14 Pro Max (256GB, Space Black)",Good
"Apple iPhone 14 Pro Max (256GB, Space Black)","The purchase & unboxing experience was great at the Croma Store. The product is fine, especially the multimedia consumption is top notch. Still exploring the device."
"Apple iPhone 14 Pro Max (256GB, Space Black)",The product is nice and enjoyed the shopping experience at Croma
"Apple iPhone 14 Pro Max (256GB, Space Black)",It is very good
"Apple iPhone 14 Pro Max (256GB, Space Black)",Loving it enjoying it
"Apple iPhone 14 Pro Max (256GB, Space Black)",Very much satisfied
"Apple iPhone 14 Pro Max (256GB, Space Black)",Not Bad
"Apple iPhone 14 Plus (128GB, Purple)",I recently purchased a smartphone from the Croma store and I am extremely satisfied with my purchase. The staff at the store were knowledgeable and helped me choose the perfect phone to fit my needs. The phone was in great condition and I have had no issues with it since my purchase. I highly recommend the Croma store for anyone in the market for a new smartphone.
"Apple iPhone 14 Plus (128GB, Purple)",Cool
"Apple iPhone 14 Plus (128GB, Purple)",It was a nice experience
"Apple iPhone 14 Plus (128GB, Purple)",Good and official high technology and healthy features and totally its super featuristic mobile thank you
"Apple iPhone 14 Plus (128GB, Purple)",Great
"Apple iPhone 14 Plus (128GB, Purple)",Nice Product
"Apple iPhone 14 Plus (128GB, Purple)",Very good
"Apple iPhone 14 Plus (128GB, Purple)",Hi good
"Apple iPhone 14 Plus (128GB, Purple)",Too good product
"Apple iPhone 14 Plus (128GB, Purple)",Wonderful
"Apple iPhone 14 Plus (128GB, Purple)",Overall good experience but need some improvements!
"Apple iPhone 14 Plus (128GB, Purple)",Satisfied
"Apple iPhone 14 Plus (128GB, Purple)",Nice product and sales executive were very cooperative.
"Apple iPhone 14 Plus (128GB, Purple)","Bought for my daughter It's good, today's generation likes this product"
"Apple iPhone 14 Plus (128GB, Purple)",Good.
"Apple iPhone 14 Plus (128GB, Purple)",Excellent
"Apple iPhone 14 Plus (128GB, Purple)",Good experience
"Apple iPhone 14 Plus (128GB, Purple)",Good       .
"Apple iPhone 14 Plus (128GB, Purple)",BEAUTIFUL PRODUCT
"Apple iPhone 14 Plus (128GB, Purple)",Product performance is fine.
"Apple iPhone 14 Plus (128GB, Purple)",Good.  
"Apple iPhone 14 Plus (128GB, Purple)",Phone is very good and smooth
"Apple iPhone 14 Plus (128GB, Purple)",Awesome
"Apple iPhone 14 Plus (128GB, Purple)","It’s amazing, staff is very friendly and good. The way of dealing is good"
"Apple iPhone 14 Plus (128GB, Purple)",Awesome experience
"Apple iPhone 14 Plus (128GB, Purple)",Very good battery backup
"Apple iPhone 14 Plus (128GB, Purple)",Nice product. I love it
"Apple iPhone 14 Plus (128GB, Purple)",Very Good
"Apple iPhone 14 Plus (128GB, Purple)",Good product
"Apple iPhone 14 Plus (128GB, Purple)",iPhone. What experience you want me to share the name is just enough
"Apple iPhone 14 Plus (256GB, Blue)",The quality of iPhone is very poor.
"Apple iPhone 14 Plus (256GB, Blue)",Nice product
"Apple iPhone 14 Plus (256GB, Blue)",Excellent
"Apple iPhone 14 Plus (256GB, Blue)",Croma staff service is too good. I am Very Happy to buy a product Pitampura Store.
"Apple iPhone 14 Plus (256GB, Blue)",Nice experience
"Apple iPhone 14 Plus (256GB, Blue)",Good experience and a good product. Employee behavior is very good.
"Apple iPhone 14 Plus (256GB, Blue)",Pleasant experience
"Apple iPhone 14 Plus (256GB, Blue)",Good performance
"Apple iPhone 14 Plus (256GB, Blue)",The product is awesome.
"Apple iPhone 14 Plus (256GB, Blue)",It’s great
"Apple iPhone 14 Plus (256GB, Blue)",Nice iPhone
"Apple iPhone 14 Plus (256GB, Blue)",This is my second iphone from Croma Awesome service from Croma as we have many portal to purchase samething but Croma gave best service and genuine products. Keep it up guys
"Apple iPhone 14 Plus (256GB, Blue)",Good product
"Apple iPhone 14 Plus (256GB, Blue)",Superb
"Apple iPhone 14 Pro (256GB, Gold)",It's amazing
"Apple iPhone 14 Pro (256GB, Gold)",Nice product
"Apple iPhone 14 Pro (256GB, Gold)",It was experience shopping with Croma for all our Apple products.
"Apple iPhone 14 Pro (256GB, Gold)",Excellent
"Apple iPhone 14 Pro (256GB, Gold)",Good
"Apple iPhone 14 Pro (256GB, Gold)",Good experience
"Apple iPhone 14 Pro (256GB, Gold)",Very good
"Apple iPhone 14 Pro (256GB, Gold)",Absolutely enjoyed buying the product  people at store were also very helpful
"Apple iPhone 14 Pro (256GB, Gold)",Very nice
"Apple iPhone 14 Pro (256GB, Gold)","Wonderful experience, best price in the whole market, very professional dealing of the whole process, I am happy and would recommend all"
"Apple iPhone 14 Pro (256GB, Gold)",Great loving it
"Apple iPhone 14 Pro (256GB, Gold)",So Good product
"Apple iPhone 14 Pro (256GB, Gold)",Very HAPPY
"Apple iPhone 14 Pro (256GB, Gold)",Great experience
"Apple iPhone 14 Pro (256GB, Gold)",Good product
"Apple iPhone 14 Pro (256GB, Gold)",Very Amazing Product and I love it.
"Apple iPhone 14 Plus (128GB, Midnight)",Awesome product. Specially thanks to Sandeep sir who help me  to get the phone on time. Sandeep sir diserve 5 starts
"Apple iPhone 14 Plus (128GB, Midnight)",Good love the product
"Apple iPhone 14 Plus (128GB, Midnight)",Its excellent
"Apple iPhone 14 Plus (128GB, Midnight)",Products are very good and all staff very good. My good experience at Croma
"Apple iPhone 14 Plus (128GB, Midnight)","The product and customer service is excellent, Thanks"
"Apple iPhone 14 Plus (128GB, Midnight)",ExcellentHappy to use itVery comfortable with the cell phone
"Apple iPhone 14 Plus (128GB, Midnight)",Very Good Experience
"Apple iPhone 14 Plus (128GB, Midnight)",Great
"Apple iPhone 14 Plus (128GB, Midnight)",Very nice
"Apple iPhone 14 Plus (128GB, Midnight)",Very good experience and I will definitely will recommend my family and friends to visit Croma.
"Apple iPhone 14 Plus (128GB, Midnight)",Very good
"Apple iPhone 14 Plus (128GB, Midnight)",It's a fantastic experience
"Apple iPhone 14 Plus (128GB, Midnight)",Very nice.
"Apple iPhone 14 Plus (128GB, Midnight)",It is really good
"Apple iPhone 14 Plus (128GB, Midnight)","I had a great buying experience from Croma, Infinity Mall, Malad branch. The Sales person Zainab explained about the different offers. Definitely 5 star to the Product I purchased, offers from Croma and for the great buying experience."
"Apple iPhone 14 Plus (128GB, Midnight)",Nice shopping experience
"Apple iPhone 14 Plus (128GB, Midnight)",Excellent
"Apple iPhone 14 Plus (128GB, Midnight)",Excellent product
"Apple iPhone 14 Plus (128GB, Midnight)",Having signal issues. Not happy though
"Apple iPhone 14 Plus (128GB, Midnight)",Good very nice
"Apple iPhone 14 Plus (128GB, Midnight)",Apple products are always wow
"Apple iPhone 14 Plus (128GB, Midnight)",Nice one
"Apple iPhone 14 Plus (128GB, Midnight)",Nice product
"Apple iPhone 14 Plus (128GB, Midnight)",Excellent superb camera
"Apple iPhone 14 Plus (128GB, Midnight)",Awesome
"Apple iPhone 14 Plus (128GB, Midnight)",Good. Excellent
"Apple iPhone 14 Plus (128GB, Midnight)",Good super
"Apple iPhone 14 Plus (128GB, Midnight)",Product is good. More over services of sales person Ms. Shivani Korke and Cashiers in billing department were outstandingly efficient.
"Apple iPhone 14 Plus (128GB, Midnight)",Good product
"Apple iPhone 14 Plus (128GB, Midnight)","iPhone purchased from Croma is nice to use, got full support from Croma executive for existing backup etc."
"Apple iPhone 14 Pro Max (128GB, Silver)",Great product
"Apple iPhone 14 Pro Max (128GB, Silver)",Awesome
"Apple iPhone 14 Pro Max (128GB, Silver)",One of the best decision which I have been made nothing is better then I phone  14 pro max!!
"Apple iPhone 14 Pro Max (128GB, Silver)",Very good deal thank you Croma for providing the best service
"Apple iPhone 14 Pro Max (128GB, Silver)",Product is very good
"Apple iPhone 14 Pro Max (128GB, Silver)",Very happy for the phone
"Apple iPhone 14 Pro Max (256GB, Silver)",Wonderful product must say. Totally love the camera.  Touch feels very superior in quality.
"Apple iPhone 14 Pro Max (256GB, Silver)",Nice product
"Apple iPhone 14 Pro Max (256GB, Silver)",Very nice and customer friendly.
"Apple iPhone 14 Pro Max (256GB, Silver)",Great
"Apple iPhone 14 Pro Max (256GB, Silver)",Good
"Apple iPhone 14 Pro Max (256GB, Silver)",Good experience
"Apple iPhone 14 Pro Max (256GB, Silver)",Best experience
"Apple iPhone 14 Pro Max (256GB, Silver)",Next level phone
"Apple iPhone 14 Pro Max (256GB, Silver)",Product is good and amazing
"Apple iPhone 14 Pro Max (256GB, Silver)",Waste of money. Nothing great in this phone
"Apple iPhone 14 Pro Max (256GB, Silver)",Excellent product
"Apple iPhone 14 Pro Max (256GB, Silver)",I am enjoying with my device experience is very good and I wish you very happy new year
"Apple iPhone 14 Pro Max (256GB, Silver)",Good product
"Apple iPhone 14 Pro Max (1TB, Deep Purple)",Good
"Apple iPhone 14 Plus (128GB, Starlight)",Excellent product.
"Apple iPhone 14 Plus (128GB, Starlight)",Good
"Apple iPhone 14 Plus (128GB, Starlight)",Woww.
"Apple iPhone 14 Plus (128GB, Starlight)",Best product. Top selling brilliant perfomance
"Apple iPhone 14 Plus (128GB, Starlight)",It was good.
"Apple iPhone 14 Plus (128GB, Starlight)",Awesome ��
"Apple iPhone 14 Plus (128GB, Starlight)",Battery backup is very less
"Apple iPhone 14 Plus (128GB, Starlight)",Bought Apple iPhone 14 plus amazing purchase
"Apple iPhone 14 Plus (128GB, Starlight)",Excellent phone
"Apple iPhone 14 Plus (128GB, Starlight)","The product does not need any rating at is it one of the best I have invested in. With regards to the service rendered to me for my purchase. Ms. Manjula took care of everything from opening the box, transferring the data and installing the guard and case. Thank you. I knew I could trust Croma for my purchases."
"Apple iPhone 14 Plus (128GB, Starlight)",Nice porduct
"Apple iPhone 14 Plus (128GB, Starlight)",It's really good to purchase products from Croma store instead of any product direct store they always care about their customer Croma is really good for every electronic products my experience for iPhone 14 plus is also good
"Apple iPhone 14 Plus (128GB, Starlight)",Very good product
"Apple iPhone 14 Plus (128GB, Starlight)",Excellent
"Apple iPhone 14 Plus (128GB, Starlight)",The phone is best and the store and their staff are also best.
"Apple iPhone 14 Plus (128GB, Starlight)",Worst experience
"Apple iPhone 14 Plus (128GB, Starlight)",Good experience
"Apple iPhone 14 Plus (128GB, Starlight)",Good product and good service.
"Apple iPhone 14 Plus (128GB, Starlight)","Apple iPhone is good, needs no reviews"
"Apple iPhone 14 Plus (128GB, Starlight)",So far it is looking good. Purchasing experience at a Croma was superb.
"Apple iPhone 14 Plus (128GB, Starlight)",Superb
"Apple iPhone 14 Plus (128GB, Starlight)",Nice product
"Apple iPhone 14 Plus (128GB, Starlight)",Superb product
"Apple iPhone 14 Plus (128GB, Starlight)",Good product
"Apple iPhone 14 Pro (256GB, Silver)",Phone accessory not perfect
"Apple iPhone 14 Pro (256GB, Silver)",Thanks for the best product and services
"Apple iPhone 14 Pro (256GB, Silver)",Awesome product & I am very happy
"Apple iPhone 14 Pro (256GB, Silver)",Experience was good
"Apple iPhone 14 Pro (256GB, Silver)",Very user friendly and it is awesome. It's PRESTIGE.
"Apple iPhone 14 Pro (256GB, Silver)",Product is good and working fine so far
"Apple iPhone 14 Pro (256GB, Silver)",Awesome prodc
"Apple iPhone 14 Pro Max (256GB, Gold)",It was an amazing experience
"Apple iPhone 14 Pro Max (256GB, Gold)",We are very happy. We like the product very much.
"Apple iPhone 14 Pro Max (256GB, Gold)",Experience of using the product is great excellent also very good service happy.
"Apple iPhone 14 Pro Max (256GB, Gold)",It was good
"Apple iPhone 14 Pro Max (256GB, Gold)",Good one
"Apple iPhone 14 Pro Max (256GB, Gold)",Good Product
"Apple iPhone 14 Pro Max (256GB, Gold)","I have always used Apple product I.e IPhone this is my 3rd iPhone . I have IPad , IPod . The recent iPhone 14 pro max is good the camera is excellent which gives you sharp pictures . The other features like find , switch etc are excellent. The only thing I hated is you have discounted the practice of giving basic asseriores like giving a complete set of charger, ear phone. I would suggest why don't you give the asseriores with built in cost along with the phone ."
"Apple iPhone 14 Pro Max (256GB, Gold)",I am in love
"Apple iPhone 14 Pro Max (256GB, Gold)",Good product
"Apple iPhone 14 Pro Max (256GB, Gold)",Amazing
"Apple iPhone 14 Pro Max (128GB, Gold)",Nice product
"Apple iPhone 14 Pro Max (128GB, Gold)",Good experience
"Apple iPhone 14 Pro Max (128GB, Gold)",Very good
"Apple iPhone 14 Pro Max (128GB, Gold)",Excellent services and product is good and I will invite my friend and family to shop from Croma thank you so much
"Apple iPhone 14 Pro Max (128GB, Gold)",Excellent.
"Apple iPhone 14 Pro Max (128GB, Gold)",Very comfortable
"Apple iPhone 14 Pro Max (1TB, Gold)","Finally after long wait I got my Apple I phone 14 pro max 1TB, gold colour, madly in love with phone performance is blazing fast I love the pro motion display and dynamic Island works as advertised I am in love with that features�� I would like to thanks Tata ltd for organising the stock for me and delivering my phone on time before the delivery date."
"Apple iPhone 14 Pro Max (1TB, Gold)",Great product price and location
